"No","En","Az","Tr","Ge","Ru","Ar"
"2","abscissa"," apsis","absis","აბსცისა","абсцисса","աբցիս"
"3","abscissa of point","noktasının apsisi","nöqtəsinin absisi","წერტილის აბსცისა","абсцисса точки","կետի աբցիսա"
"4","addition","toplama","toplama","შეკრება","сложение","միավորում"
"5","algebra","cebir","cəbr","ალგებრა","алгебра ","հանրահաշիվ"
"6","algorithm","algoritma","alqoritm","ალგორითმი","алгоритм","ալգորիթմ"
"7","angle","Açı","bucaq","კუთხე","угол","անկյուն"
"8","acute angle","dar açı","İti bucaq","მახვილი კუთხე","острый угол","սուր անկյուն"
"9","adjacent angle","komşu açı","qonşu bucaq","მოსაზღვრე კუთხე","смежный угол","կից անկյուն"
"10","adjacent angles","bitişik açılar","tamamlayıcı bucaqlar","მოსაზღვრე კუთხეები","смежные угли","կից անկյուններ"
"11","angle between the planes","uçaklar arasındakı açı","müstəvi arasındakı bucaq","სიბრტყეებს შორის კუთხე","угол между плоскостями","հարթությունների միջև անկյուն"
"12","angle of rotation","dönme açısı","fırlanma bucağı","მობრუნების კუთხე","угол вращения","հակադիր անկյուն"
"13","angle of turn","dönüş açısı","döngə bucağı","მობრუნების კუთხე","угол вращения","հակադիր անկյուն"
"14","central angle","merkezi açı","mərkəzi bucaq","ცენტრალური კუთხე","центральный угол","կենտրոնական անկյուն"
"15","corresponding angles","karşılık gelen açılar","uyğun bucaqlar","შესაბამისი კუთხეები","соответствующие углы","համապատասխան անկյուններ"
"16","degree measure of angle","açının derece ölçüsü","bucağın dərəcə ölçüsü","კუთხის გრადუსული ზომა","градусная мера угла","անկյան աստիճանի չափ"
"17","dihedral (two-sided) angle","dihedral (iki taraflı) açı","dihedral (iki tərəfli) bucaq","დიედრალური კუთხე","диедральный угол","երկկողմանի անկյուն"
"18","equal angles","eşit açılar","bərabər bucaqlar","ტოლი კუთხეები","равные угли","հավասար անկյուններ"
"19","exterior angle of polygon"," çokgen dış açısı","çoxbucağın xarici bucağı","მრალნალწევრის გარე კუთხე","внешний угол многоугольника","Բազմանկյոանի արտաքին անկյունը"
"20","exterior one-sided angles","dış tek taraflı açılar","xarici bir-tərəfli bucaq","გარე ცალმხრივი კუთხე","внешние односторонние углы","Արտաքին միակողմանի անկյուն"
"21","flat angle","düz açı","düz bucaq","ბრტყელი კუთხე","плоский угол","հարթ անկյուն"
"22","inclined angle","eğik açı","meylli bucaq","დახრის კუთხე","угол наклона","թեք անկյուն"
"23","interior angle of triangle","üçgen iç açısı","üçbucağın daxili bucağı","სამკუთხედის გარე კუთხე","внутренний угол треугольника","եռանկյան ներքին անկյուն"
"24","interior cross lying angles","iç çapraz yalan açıları","daxili qarşılıqlı bucaqlar","შიდა ჯვარედინად მდებარე კუთხეები","внутренные перекрестные угли","Ներքին խաչաձև անկյուններ"
"25","interior one-sided angles","iç tek taraflı açılar","daxili qomşu bucaqlar","შიდა მიმდებარე კუთხეები","внутренние односторонние углы","ներքին միակողմանի անկյուններ"
"26","linear angle","doğrusal açı","açıq bucaq","წრფივი კუთხე","линейный угол","Գծային անկյուն"
"27","obtuse angle","geniş açı","kor bucaq","ბლაგვი კუთხე","тупой угол","բութ անկյոււն"
"28","opposite angle","zıt açı","əks bucaq","მოპირდაპირე კუთხე","противоположный угол","Հակառակ անկյուն"
"29","polyhedral (many-sided) angle","çokyüzlü (çok taraflı) açı","çoxüzlü bucaq","მრავალწახნაგა კუთხე","многогранный угол","բազմանիստ անկյուն"
"30","radian measure of angle","radyan açısı ölçüsü","radiyan","კუთხის რადიანული ზომა","радианная мера угла","Անկյան ճառագայթային չափ"
"31","right angle","dik açı","düz bucaq","მართი კუთხე","прямой угол","ուղիղ անկյուն"
"32","sides of angle","açının yanları","bucağın yanları","კუთხის გვერდები","стороны угла","անկյան կողմեր"
"33","vertex of angle","açının tepe noktası","bucağın təpə nöqtəsi","კუთხის წვერო","вершина угла","անկյան գագաթ"
"34","apothem","iç yarıçap, yanal yükseklik","daxili radius","აპოთემა","апофема","Հարթագիծ"
"35","triangular","üçgen","üçbucaqlı","სამკუთხა","треугольный","եռանկյուն"
"36","quadrangular","dört köşeli","dördbucaqlı","ოთხკუთხა","четырехугольный","քառանկյուն"
"38","applicate","z ekseni, z koordinatı","z oxu, z koordinatı","მიდგმა","прикладывать","մոտեցում"
"39","Cartesian coordinates","kartezyen koordinatlarda","Karteziyan koordinantı","დეკარტის კოორდინანტი","Декартовы координаты","Դեկարտյան կոորդինատներ"
"40","criterion","özellik, kriter","kriter, meyar","კრიტერიუმი","критерий","Չափանիշ"
"41","arc","yay","qövs","რკალი","дуга","աղեղ"
"42","circumference","çevre","çevrə","წრეწირის ან ელიფსის სიგრძე","длина окружности","շրջանագիծ"
"43","arc of curve","eğrinin yayı","Əyrinin qövsü","მრუდის რკალი","дуга кривой","Կորի աղեղ"
"44","conjugate arcs","eşlenik yaylar","birləşdirici qövslər","შუღლებული რკალები","сопряженные дуги","զուգորդված աղեղ"
"45","degree measure of arc","yay derecesinin ölçülmesi","qövsün dərəcə ölçüsü","რკალის გრადუსული ზომა","градусная мера дуги","աղեղի աստիճանի չափ"
"46","length of arc","yayın uzunluğu","qövsün uzunluğu","რკალის სიგრძე","длина дуги","աղեղի երկարություն"
"47","length of circular arc","dairesel yayın uzunluğu","aairəvi qövsün uzunluğu","წრეწირის რკალის სიგრძე","длина дуги окружности","շրջանագծի աղեղի երկարություն"
"48","area","alan","sahə","ფართობი","площадь","մակերես"
"49","coordinate","koordinat","koordinat","კოორდინატები","координата","կոորդինատներ"
"50","point","nokta","nöqtə","წერტილი","точка","կետ"
"51","space, in the space","uzay, uzayda","fəza","სივრცე, სივრცეში","пространство, в пространстве","Տարածություն, Տարածության մեջ"
"52","mark, to mark","işaretlemek","işarələmək","მონიშნვა","отметить","Նշում"
"53","mathematical","matematiksel","riyazi","მთემატიკური","математический","մաթեմատիկական"
"54","reflex angle","kabarık olmayan açı","qabarıq olmayan bucaq","რეფლექსური კუთხე","reflex angle","Ռեֆլեքսային անկյուն"
"55","sum","toplami","cəm","ჯამი","сумма","գումար"
"56","items","öğeler","maddə","საგანი","Предметы","առարկա"
"57","fraction","kesir","kəsr","წილადი","дробь","կոտորակ"
"58","matrice","matris","matris","მატრიცა","матрица","մատրիցա"
"59","number","sayı","rəqəm","რიცხვი","число","թիվ"
"60","polynomial","polinom","çoxhədli","პოლინომი, მრავალწევრი","многочлен","բազմանդամ"
"61","vector","vektör","vektor","ვექტორი","вектор","վեկտոր"
"62","add, to add","eklemek için","əlavə etmək","მიმატება","добавить","ավելացնել"
"63","set","küme","çoxluqlar","სიმრავლე","множество","բազմություն"
"64","element","eleman","element","ელემენტი","элемент","տարր"
"65","arbitrary nature",,,"ნებისმიერი სახის","произвольного характера","Ցանկացած տեսակի"
"66","branch of Mathematics","matematik dalı","riyaziyyat sahəsi","მათემატიკის დარგი","отделение математики","Մաթեմատիկայի ճյուղ"
"67","Complex Numbers","kompleks sayılar","kompleks ədədlər","კომპლექსური რიცხვი","комплексное число","Կոմպլեքս թիվ"
"68","linear","lineer","xətti","წრფივი","линейный","գծային"
"69","result","sonuç","nəticə","შედეგი","результат","արդյունք"
"70","solution","çözüm"," həll","ამონახსნი, ფესვი","решение","լուծում"
"71","algorithmic language","algoritmik dil","alqoritm dili","ალგორითმული ენა","алгоритмический язык","Ալգորիթմական լեզու"
"72","cyclic","devirli","dövri","ციკლური","циклический","պարբերական"
"73","theory","teori","nəzəriyyə","თეორია","теория","տեսություն"
"74","types","çeşit","növləri","ტიპი","типы","տեսակ"
"75","linear algorithm","doğrusal algoritma","düzgün algoritma","წრფივი ალგორითმი","линейный алгоритм","գծային ալգորիթմ"
"76","vertex","tepe noktası","təpə nöqtəsi","წვერო","вершина","գագաթ"
"77","sides","yanlari, kenar","yanları","გვერდები","стороны","էջեր"
"78","ray","ışın","şüa","სხივი","луч","ճառագայթ"
"79","slope coefficient","eğim katsayısı","eniş əmsalı","დახრის კოეფიციენტი","коэффициент наклона","Թեքության գործակից"
"80","trihedral angle","üçlü açı","üçlü bucaq","სამწახნაგა კუთხე","трехгранный угол","եռանիստ անկյուն"
"81","regular","düzenli","daimi","რეგულარული","регулярный","կանոնավոր"
"82","polygon","çokgen","çoxbucaqlı","მრავალკუთხედი","многоугольник","բազմանկյուն"
"83","perpendicular","dik","şaquli, perpendikulyar","პერპენდიკულარული","перпендикуляр","ուղղահայաց"
"84","center","orta, merkez","mərkəz","ცენტრი","центр","կենտրոն"
"85","pyramid","piramid","piramida","პირამიდა","пирамида","բուրգ"
"86","lateral face","yan yüzü","yan səth","გვერდითი წახნაგი","боковая грань","կողային եզր"
"87","height","yükseklik","hündürlük","სიმაღლე","высота","բարձրություն"
"88","additive","additif","additivlik","ადიციური","адитивный","հավելում"
"89","truncated","tepesi kesik","kəsik","წაკვეთილი","усеченный","կրճատել"
"90","straight angle","tam açı","tam bucaq","გაშლილი კუთხე","прямые угол","փռված անկյուն"
"91","curve","eğri","əyri","მრუდი","кривая","Կոր"
"92","circular","Dairesel","dairəvi","წრიული","круговой","շրջանաձեւ"
"93","plane angle","düzlem açı","müstəvi bucağı","ბრტყელი კუთხე","плоский угол","Հարթ անկյուն"
"94","conjugate","eşlenik"," qoşma","შეუღლებული","сопряженный","զուգորդված"
"95","length","uzunluk","uzunluq","სიგრძე","длина","երկարություն"
"96","numerical","sayısal","ədədi","რიცხვითი","числовой","թվային"
"97","geometry","geometria","həndəsə","გეომეტრია","геометрия","երկրաչափություն"
"98","figure","şekil","fiqur","ფიგურა","фигура","պատկեր"
"99","characteristic","özellik","funksiya","მახასიათებელი","характеристика","հատկանշական"
"100","square","kare","kvadrat","კვადრატი"," квадрат","քառակուսի"
"101","sphere","küre","kürə","სფერო","сфера","ոլորտ"
"102","surface","yüzey alanı","yan səthi","ზედაპირი","поверхность","մակերեւույթ"
"103","denote","ifade etmek","ifadə etmək","აღნიშნვა","обозначать","նշանակություն"
"104","circle","daire","dairə","წრეწირი","окружность","շրջան"
"105","sector","sektör","sektor","სექტორი","сектор","սեկտոր"
"106","segment","segment, bölüm","seqment","სეგმენტი","сегмент","սեգմենտ"
"107","curvilinear","eğrisel","əyrixətli","მრუდწირული","криволинейный","կորագիծ"
"108","trapezoid","yamuk","trapesiya","ტრაპეცია","трапеция","տրապեցիա"
"109","parallelogram","paralelkenar","paralelogram","პარალელოგრამი","параллелограмм","զուգահեռագիծ"
"110","plane figure","düzlem figürü","müstəvi fiquru","ბრტყელი ფიგურა","плоская фигура","Հարթ պատկեր"
"111","rectangle","dikdörtgen","düzbucaqlı","მართკუთხა","прямоугольный","ուղղանկյուն"
"112","rhombus","eşkenar dörtgen","romb","რომბი","rhombus","շեղանկյուն"
"113","total","toplam","bütöv","ტოტალური","тотальный","ամբողջ"
"114","triangle","üçgen","üçbucaq","სამკუთხედი","треугольник","եռանկյուն"
"115","spherical","küresel","kürəşəkli, sferik","სფერული","сферический","գնդաձեւ"
"116","argument","argüman, sav,oran","arqument","არგუმენტი","аргумент","փաստարկ"
"117","estimate","değerlendirmek","qiymətləndirmək","შეფასება","оценить","գնահատում"
"118","function","fonksiyonu","funksiya","ფუნქცია","функция","ֆունկցիա"
"119","independent","bağımsız","asılı olmayan","დამოუკიდებული","независимый","անկախ"
"120","variable","değişken","dəyişkən","ცვლადი","переменная","փոփոխական"
"121","value","değer","dəğər, qiymət","მნისვნელობა","значение","արժեք"
"122","arithmetics","aritmetik","ədədi","არითმეტიკა","арифметика","թվաբանություն"
"123","basic concept","temel kavram","əsas konsepsiya","ძირითადი ცნება","основная концепция","Հիմնական հայեցակարգ"
"124","section","bölüm","bölüm","სექცია","раздел","Բաժին"
"125","problem","mesele","məsələ","ამოცანა,პრობლემა","задача","խնդիր"
"126","calculus","hesaplama","hesablama","კალკულუსი","калькулус","հաշվարկ"
"127","hyperbola","hiperbol","hiperbola","ჰიპერბოლა","гипербола","հիպերբոլա"
"128","horizontal","yatay","horizontal","ჰორიზონტალური","горизонтальный","հորիզոնական"
"129","inclined","eğimli","meylli","დახრილი","наклонный","թեք"
"130","vertical","dikey","vertikal","ვერტიკალური","вертикальный","ուղղահայաց"
"131","straight line","düz çizgi","düz xətt","სწორი ხაზი","прямая линия","ուղիղ գիծ"
"132","probability","olay","ehtimal","ალბათობა","вероятность","հավանականություն"
"133","correlation"," korelasyon","korrelyasiya","კორელაცია","корреляция","հարաբերակցություն"
"134","infinity","sonsuzluk","sonsuzluq","უსასრულობა","бесконечность","անվերջություն"
"135","average","ortalama","orta miqdar","საშუალო","среднее","միջին"
"136","radical","radikal","radikal","რადიკალი","радикал","հիմնական"
"137","index","endeks","indeks","ინდექსი","индекс","ցուցանիշ"
"138","corresponding","karşılık gelen","uyğun gələn","შესაბამისი","соответствующий","համապատասխան"
"139","entire","tam, bütün","tam","მთლიანი","entire","ամբողջական"
"140","middle line","orta çizgi","orta xətt","შუა ხაზი","средняя линия","միջին գիծ"
"141","parallel","paralel","paralelç üfüq","პარალელური","параллельный","զուգահեռ"
"142","minus","eksi","minus","მინუსი","минус","հանած"
"143","proportion","oran","nisbət","პროპორცია","пропорция","հարաբերություն"
"144","term","terim","termin","ტერმინი, ტერმი","член","տերմին"
"145","sequence","sekans","sekans","მიმდევრობა","последовательность","հաջորդականություն"
"146","axiom","aksiyom","aksioma","აქსიომა","аксиома","աքսիոմա"
"147","proof","ispat","sübut","დამტკიცება","доказательство","ապացույց"
"148","non-zero","sıfır olmayan","sıfır olmayan","არანულოვანი","ненулевой","ոչ զրոյական"
"149","planimetry","planimetri","planimetriya","პლანიმეტრია","планиметрия","Պլանաչափություն"
"150","stereometry","stereometri","stereometriya","სტერეომეტრია","стереометрия","ստերեոմետրիա"
"151","axis","eksen","ox","ღერძი","ось","առանցք"
"152","symmetry","simetri","simmetriya","სიმეტრია","симметрия","համաչափություն"
"153","direction","yön","istiqamət","მიმართულება","направление","ուղղություն"
"154","rotation","dönme","fırlanma","მოტრიალება","вращение","պարբերություն"
"155","number line","sayı doğrusu","ədədi düz xətt","რიცხვითი წრფე","числовая прямая","թվային գիծ"
"156","axonometry","axonometri","aksonometri","აქსონომეტრია","axonometry","աքսոնոմետրիա"
"157","axonometric","axonometrik","akonometriya","აქსონომეტრიული","аксонометрический","աքսոնոմետրիկ"
"158","orthogonal projection","dikey projeksiyon",,"ორთოგონალური პროექცია","ортогональная проекция","ուղղանկյուն պրոյեկցիա"
"159","axonometric projection","aksonometrik izdüşüm","aksonometrik proyeksiya","აქსონომეტრიული პროექცია","аксонометрическая проекция","աքսոնոմետրիկ պրոյեկցիա"
"160","cylinder","silindir","silindr","ცილინდრი","цилиндр","գլան"
"161","orthogonal","ortogonal, dikey","ortoqonal","ორთოგონალური","ортогональный","ուղղանկյուն"
"162","skew","eğriltme","əyrilmə","ირიბი","косой","շեղ"
"163","ball","top","top","ბირთვი","шар","գունդ"
"164","radius","yarıçap","radiyus","რადიუსი","радиус","շառավիղ"
"165","equidistant","eşit olan","bərabər məsafəli","თანაბრადდაშორებული","равноудаленный","հավասար հեռավորության վրա"
"166","diameter","çapı","diametr","დიამეტრი","диаметр","տրամագիծ"
"167","volume","hacmi","həcm","მოცულობა","объем","ծավալ"
"168","base","temel, üs","əsas","ფუძე","база","հիմք"
"169","intersection","kesişme","kəsişmə","თანაკვეთა","пересечение","հատում"
"170","power","gücü","güc","ხარისხი","мощность","որակ"
"171","cone","koni","konus","კონუსი","конус","կոն"
"173","prism","prizma","prizma","პრიზმა","призма","պրիզմա"
"174","basis","baz","baza","ბაზისი","базис","հիմք"
"176","non-coplanar","eşdüzlemli olmayan","qeyri-bərabərlik","არაკომპლანარული","некомпланарный","ոչ համաչափ"
"177","non-collinear","doğrusal olmayan",,"არაკოლინეარული","неколлинеарный","ոչ համակողմանի"
"178","binomial","binom","binom","ბინომიალური","биномиальный","երկանդամ"
"179","quadratic equation","İkinci dereceden denklem","Kvadrat tənlik","კვადრატული განტოლება","Квадратное уравнение","քառակուսի հավասարում"
"180","difference","fark","fərq","სხვაობა","разница","տարբերություն"
"181","expression","ifade","ifadə","გამოსახულება","выражение","արտահայտություն"
"183","formula","formül","formula, düstur","ფორმულა","формула","բանաձեւ"
"184","expansion","genişleme","genişlənmə","გაფართოება","расширение","ընդլայնում"
"185","arbitrary","rastgele","ixtiyari","ნებისმიერი","произвольный","կամայական"
"186","binomial coefficient","binom katsayısı","binom əmsalı","ბინომიალური კოეფიციენტები","биномиальный коэффициент","երկանդամ գործակից"
"187","bisector","açı ortay","tənbölən","ბისექტრისა","биссектриса","կիսորդ"
"189","derivative","türev","törəmə","წარმოებული","производная","ածանցյալ"
"190","integral","entegral","integral","ინტეგრალი","интеграл","ինտեգրալ"
"191","cathetus","dikkenar","katet","კათეტი","катет","կաթետուս"
"193","adjacent","bitişik","bitişik","მოსაზღვრე","смежный","կից"
"194","opposite","karşısı","əks","მოპირდაპირე","противоположный","հակադիր"
"195","hypotenuse","hipotenüs","hipotenuz","ჰიპოთენუზა","гипотенуза","ներքնաձիգ"
"197","centroid","ağırlık merkezi","medianların kəsişmə nöqtəsi","ცენტროიდი","центроид","ցենտրոիդ"
"199","chord","akor","vətər","ქორდა","хорда","լար"
"200","span","karış","qarış","წარმოქმნა","порождать","առաջացում"
"201","boundary","sınırı","sərhədi
Nitq hissəsi	Tərcümə	Geri tərcümələr	Tezlik
help_outline
Isim
sərhədi","საზღვარი","граница","սահման"
"202","concentric","eş merkezli","konsentrik","კონცენტრული","концентрический","համակենտրոն"
"203","tangent","teğet"," toxunan (xətt)","მხები","касательная","շոշափող"
"204","coefficient","katsayı","əmsal","კოეფიციენტი","коэффициент","գործակից"
"205","factor","faktör","vuruq","თანამამრავლი","фактор","գործոն"
"206","monomial","tekterimli","birhədli","ერთწევრი, მონომი","одночлен","միանդամ"
"208","constant","sabit","sabit, daimi","მუდმივი","постоянный","Մշտական"
"209","factor in equation","denklemdeki çarpan","tənlikdəki vurma","განტოლების თანამამრავლი","соумножитель в уравнении","Հավասարման բազմապատկիչ"
"210","combination","kombinasyon","uyğunluq, kombinasiya","კომბინაცია","комбинация","համադրություն"
"211","repetition","tekrar","təkrar","გამეორება","повторение","կրկնություն"
"212","combinatorics","kombinsyoncular","kombinatorika","კომბინატორიკა","комбинаторика","կոմբինատորիկա"
"213","accommodation","konaklama","uyğunlaşma","აკომონდაცია","согласование","հարմարեցում"
"214","permutation","permütasyon","permutasiya","გადანაცვლება","перестановка","փոխակերպում"
"216","binary","ikili","ikili","ბინარული, ორადგილიანი","бинарная","երկուական"
"217","multiplication","çarpım","vurma","გამრავლება","умножение","բազմապատկում"
"218","property","özellik","özəllik","თვისება","свойство","հատկություն"
"219","condition","yeterli koşul, şart
Sufficient condition is","şərt","პირობა","условие","պայման"
"220","mutual reciprocals","iki taraflı karşılıklar","iki tərəfli qarşılıq","ურთიერთშებრუნებული","взаимно обратные","փոխադարձ կապեր"
"222","form","şekli","forma","ფორმა","форма","ձև"
"224","conjunction","Birleşme","birləşmə","კონიუნქცია","конъюнкция","միացում"
"225","zero","sıfır","sıfır","ნული","нуль","զրո"
"226","equal","eşittir","bərabərdir","ტოლია","равно","հավասար"
"227","polar coordinate","kutupsal koordinat","qütb koordinatı","პოლარული კოორდინატები","полярная координата","բևեռային կոորդինատ"
"228","coordinate plane","koordinat düzlemi","koordinat müstəvisi","საკოორდინატო სიბრტყე","координатная плоскость","կոորդինատային հարթություն"
"229","system","sistem","sistem","სისტემა","система","համակարգ"
"230","cosecant","kosekant","kosekans","კოსეკანსი","косеканс","զուգորդող"
"232","acute","akut","kəskin","მახვილი","острый","սուր"
"233","tangent","	tanjant","tanqens","მხები","касательная","շոշափող"
"234","ratio","kosekantı, rasyon. Oran","nisbətç ratio","შეფარება","соотношение","հարաբերություն"
"235","trigonometry","trigonometria","triqonometriya","ტრიგონომეტრია","тригонометрия","եռանկյունաչափություն"
"236","cosine","kosinüs","kosinus","კოსინუსი","косинус","կոսինուս"
"237","cotangent","kotanjant","kotangens","კოტანგენსი","котангенс","կոտանգենս"
"238","inverse","ters","tərs","შებრუნებული","обратный","շրջված"
"240","similarity","benzerlik","bənzərlik, oxşarlıq","მსგავსება","подобие","նմանություն"
"241","cross-section","enine kesit","eninə kəsik","განივი კვეთა","поперечное сечение","խաչմերուկ"
"243","conic section","konik kesit","kəsik konus","კონუსური კვეთა","коническое сечение","կոնաձև հատված"
"245","diagonal","çapraz, diyagonal, köşegen","diyaqonal","დიაგონალი","диагональ","անկյունագիծ"
"247","degree","derece","dərəcə","ხარისხი","степень","աստիճան"
"248","edge","kenar","til","წიბო","ребро","գագաթ"
"249","parabola","parabol","parabola","პარაბოლა","парабола","պարաբոլա"
"250","ellipse","elips","ellips","ელიფსი","эллипс","էլիպս"
"251","continuous curve","sürekli eğri","davamlı əyri","უწყვეტი წირი","непрерывная кривая","շարունակական կոր"
"253","intersecting curves","örtüşen eğriler","kəsişən əyrilər","თანამკვეთი წირები","пересекающиеся кривые","հատվող կորեր"
"254","lateral surface","yanal yüzeyi","yan səth","გვერდითი ზედაპირი","lateral surface","կողային մակերես"
"255","parabolic","parabolik","parabolik","პარაბოლური","параболический","պարաբոլիկ"
"256","denominator","payda","məxrəc","მნიშვნელი","знаменатель","հայտարար"
"257","common denominator","ortak bölen","ortaq məxrəc","საერთო მნიშვნელი","общий знаменатель","Ընդհանուր հայտարար"
"259","lowest common denominator (LCD)","en küçük ortak bölen","ən kiçik ortaq bölən","უმცირესი საერთო მნიშვნელი","наименьший общий знаменатель (НОК)","ամենափոքր ընդհանուր բաժանարար"
"260","progression","ilerleme","ilərləmə","პროგრესია","прогрессия","պրոգրեսիա"
"261","dependence","bağlımlılık","asılılıq","დამოკიდებულება","зависимость","կախվածություն"
"262","limit","limit","limit","ზღვარი","предел","սահման"
"263","increment","artış","artım","ნაზრდი","приращение","ավելացում"
"264","composite","bileşik, kompozit","mürəkkəb","შედგენილი","составной","կազմված"
"265","order","sıra","sıra","რიგი, სტრიქონი","порядок","Շարք, տող"
"266","product","çarpım","vurma","ნამრავლი","произведение","արտադրյալ"
"267","quotient","bölüm","hissə","შეფარდება","частное","հարաբերություն"
"268","second order","ikinci derece","ikinci dərəcə","მეორე რიგის","второго порядка","երկրորդ շարքի"
"269","determinant","determinant","determinant","დეტერმინანტი","детерминант","դետերմինանտ"
"270","finite","sonlu","sonlu","სასრული","конечный","Վերջավոր"
"271","differential","diferansiyel (türevsel)","diferensial","დიფერენციალი","дифференциал","դիֆերենցիալ"
"273","digit, figure","rakam","rəqəm","ციფრი","цифра","թվանշան"
"274","dimension","boyut","ölçü","განზომილება","размерность","մեծություն"
"275","directrix","direktriksi","direktrisa","დირექტრისა","директриса","դիրեքտրիս"
"276","discriminant","diskriminant","diskriminant","დისკრიმინანტი","дискриминант","դիրեքտրիս"
"277","trinomial","trinom","üçhədli","სამწევრი","трехчленный","եռանդամ"
"278","dividend","bölünen","bölünən","გასაყოფი","делимое","բաժանելի"
"279","divider","bölen","bölən","გამყოფი","делитель","բաժանարար"
"280","the greatest common divisor (GCD)","en büyük ortak bölen","ən böyük ortaq bölən (ƏBOB)","უდიდესი საერთო გამყოფი (უსგ)","наибольший общий делитель (НОД)","ամենամեծ ընդհանուր բաժանարար"
"281","common divisor","ortak bölümü","ortaq bölən","საერთო გამყოფი","общий делитель","ընդհանուր բաժանարար"
"282","division","bölmek","bölmə","გაყოფა","деление","բաժամում"
"283","domain of a function","denklem alanı","təyin oblastı","ფუნქციის განსაზღვრის არე","область функции","ֆունկցիայի տիրույթ"
"284","canonical equation","kanonik denklem","kanonik tənlik","კანონიკური განტოლება","каноническое уравнение","կանոնական հավասարում"
"286","eccentricity","eksantrikliği","ekssentriklik","ექსცენტრისიტეტი","эксцентриситет","էքսցենտրիկություն"
"287","elliptical","eliptik","eliptik","ელიფსური","эллиптический","էլիպսաձեւ"
"288","equality","eşitlik","bərabərlik","ტოლობა","равенство","հավասարություն"
"289","literal","değişmez","dəyişməz","სიტყვასიტყვით","буквальный","բառացի"
"290","logical","mantıksal","məntiqi","ლოგიკური","логичный","տրամաբանական"
"291","equation","denklem","tənlik","განტოლება","уравнение","հավասարություն"
"293","unknowns","bilinmeyen","bilinməyən","უცნობი","неизвестные","անհայտ"
"294","exponent","üs","eksponent","ექსპონენტა","экспонента, показатель степени","ցուցիչ"
"295","homogeneous","homojen","bircinsli, birnövlü","ერთგვაროვანი","однородный","միատարր"
"296","inhomogeneous","homojen olmayan","bircinsli olmayan","არაერთგვაროვანი","неоднородный","ոչ միատարր"
"297","irrational","irrasyonel","irrasional","ირაციონალური","иррациональный","իռացիոնալ"
"298","logarithmic","logaritmik","loqarifm","ლოგარითმული","логарифмический","լոգարիթմական"
"299","error","error, hata","xəta","შეცდომა","ошибка","սխալ"
"301","exact value","kesin değer","dəqiq qiymət","ზუსტი მნიშვნელობა","точное значение","ճշգրիտ արժեք"
"302","absolute error","Mutlak yaklaşım hatası
yaklaşım hatası
yaklaşım hatas","mütləq xəta","აბსოლუტური ცდომილება","абсолютная погрешность","բացարձակ սխալ"
"303","relative error","yaklaşık değer","nisbi xəta","ფარდობითი ცდომილება","относительная погрешность","հարաբերական սխալ"
"304","event","olay","hadisə","ხდომილება, მოვლენა","событие","իրադարձություն"
"305","probability of event","olay olasılığı",,"ხდომილების ალბათობა","вероятность события","իրադարձության հավանականություն"
"307","extremum","ekstremum","ekstremum","ექსტრემუმი","экстремум","ծայրահեղություն"
"308","maximum","maksimum","maksimum","მაქსიმუმი","максимум","առավելագույն"
"309","minimum","minimum","minimum","მინიმუმი","минимум","նվազագույն"
"310","local extremum","yerel ekstremum","lokal ekstremum","ლოცალური ექსტრემუმი","локальный экстремум","տեղական ծայրահեղություն"
"312","factorial","factorial","faktor","ფაქტორიალი","факториал","ֆակտորյալ"
"313","factorization","çarpanlara ayırma, genişleme"," vuruqlara ayırma","მამრავლებად დაშლა","факторизация, разложение на множители","բազմապատկմամբ պարզեցում"
"314","decimal","onluk","onluq","მეათედი","десятичная дробь","տասնորդական"
"315","improper fraction","bileşik kesir","düzgün olmayan kəsr","არაწესიერი წილადი","неправильная дробь","անկանոն կոտորակ"
"316","infinite fraction","sonsuz kesir","sonsuz kəsr","უსასრულო წილადი","бесконечная дробь","անվերջ կոտորակ"
"317","non-periodical fraction","periyodik olmayan kesir","qarışıq dövrü kəsr","არაპერიოდული წილადი","непериодическая дробь","ոչ պարբերական կոտորակ"
"318","periodical decimal","periyodik onlu kesir","saf dövrü kəsr","პერიოდული ათწილადი","периодическая десятичная дробь","պարբերական տասնորդական"
"319","proper fraction","basit kesir","düzgün kəsr","წესიერი წილადი","правильная дробь","կանոնավոր կոտորակ"
"321","odd number","tek sayı","tək ədəd","კენტი რიცხვი","нечётное число","կենտ թիվ"
"322","trigonometric","trigonometrik","trigonometrik","ტრიგონომეტრია","тригонометрический","եռանկյունաչափական"
"323","generator","jeneratör","doğuranı","წარმომქმნელი","порождающий","արտադրիչ"
"324","analytical","analitik","analitik","ანალიტიკური","аналитический","վերլուծական"
"325","descriptive","tanımsal","təsviri","აღწერითი","описательный","նկարագրական"
"326","Euclidean Geometry","öklit geometrisi","Evklid həndəsəsi","ევკლიდური გეომეტრია","Евклидова геометрия","Էվկլիդեսյան երկրաչափություն"
"327","geometry of Lobachevsky","Lobaçevski’nin geometrisi","Lobaçevskinin həndəsəsi","ლობაჩევსკის გეომეტრია","геометрия Лобачевского","Լոբաչևսկու երկրաչափություն"
"328","graph","grafik","qrafik","გრაფი","граф","դիագրամ"
"329","asymptote","asimptot","asimptot","ასიმპტოტა","асимптота","ասիմպտոտ"
"331","foci","odakları","fokus","ფოკუსი","фокусы","ֆոկուս"
"333","identity","özdeşlik","eynilik","იგივეობა","тождество","նույնականություն"
"334","incenter","iç merkez","orta nöqtə","ჩახაზული წრეწირი","стимулятор","գծված շրջան"
"335","inclined line","eğik çizgi","meylli xətt","დახრილი ხაზი","наклонная линия","թեք գիծ"
"338","double index","çifte dizin","ikiqat indeks","ორმაგი ინდექსი","двойной индекс","կրկնակի ինդեքս"
"339","subscript","alt simge","alr dərəcə","ქვედა ინდექსი","нижний индекс","Ներքին ինդեքս"
"340","superscript","üst simge","üst dərəcə","ზედა ინდექსი","надстрочный индекс","վերին ինդեքս"
"341","inequality","eşitsizlik","bərabərsizlik","უტოლობა","неравенство","անհավասարություն"
"342","equivalent","eşdeğer","ekvivalent, bərabərölçülü","ექვივალენტობა","эквивалентный","Համարժեքություն"
"343","plus","artı","plyus işarəsi","შეკრება","плюс","գումարած"
"344","indefinite","belirsiz","qeyri-müəyyən","განუსაზღვრელი","неопределенный","Անորոշ"
"345","definite","belirli","müəyyən","განსაზღვრული","определенный","Սահմանված"
"346","integration","entegrasyon","inteqrasiya (dəqiqləşdirmə)","ინტეგრება","интегрирование","ինտեգրում"
"347","interval","aralık","aralıq, interval","ინტერვალი","интервал","հեռավորություն"
"348","endpoints","bitiş noktası
noktası","son nöqtə","ბოლო წერტილი","конечные точки","վերջնակետ"
"349","closed interval","kapalı aralık","qapalı aralıq","ჩაკეტილი ინტერვალი","замнкнутый интервал","փակ միջակայք"
"350","open interval","açık aralık","açıq aralıq","ღია ინტერვალი","открытый интервал","բաց միջակայք"
"351","distributive law","dağılma yasası","paylama qanunu","განაწილების კანონი","распределительный закон","բաշխական օրենք"
"352","associative law","birleşme yasası","birləşmə, qruplaşdırma qanunu","ასოციაციურობის კანონი","ассоциативный закон","զուգորդական օրենք"
"353","commutative law","yer değiştirme yasası","yer dəyişdirmə qanunu","კომუტაციურობის კანონი","коммутативный закон","տեղափոխական օրենք"
"354","layer","tabaka","təbəqə","ფენა","слой","շերտ"
"356","positive","pozitif","müsbət","დადებითი","положительный","դրական"
"357","sequence","sınır, sira","ardıcıllıq","მიმდევრობა","последовательность","հաջորդականություն"
"359","line","çizgi","düz xətt","ხაზი","линия","գիծ"
"360","Intersecting","Kesişen","kəsişən","გადამკვეთი","Пересекающиеся","հատվող"
"361","secant","sekant","kəsən","მკვეთი","секущий","հատված"
"362","slope","eğim","eniş","დახრა","наклон","թեքություն"
"363","method","yöntem","metod","მეთოდი","метод","մեթոդ"
"364","Gauss method","Gauss yöntemi","Qauss üsulu","გაუსის მეთოდი","Метод Гаусса","Գաուսի մեթոդ"
"365","reduction","azalma","azalma","დაყვანა, რედუქცია","редукция","կրճատում"
"367","module","modül","modul","მოდული","модуль","մոդուլ"
"368","negative","negatif","mənfi","უარყოფითი","отрицательный","բացասական"
"369","the least common multiple (LCM)","sayıların en küçük ortak katı","ən kiçik ortaq bölünən (ƏKOB)","უმცირესი საერთო ჯერადი (უსჯ)","наименьшее общее кратное (НОК)","ամենափոքր ընդհանուր բազմապատիկ"
"371","even number","çift sayı","cüt ədəd","ლიუწი რიცხვი","чётное число","զույգ թիվ"
"372","rational","rasyonel","rasyonal","რაციონალური","рациональный","ռացիոնալ"
"373","real","gerçek","həqiqi","ნამდვილი","настоящий","Իրական"
"374","whole number","tam sayı","tam ədəd","მთელი რიცხვი","целое число","Ամբողջ թիվ"
"375","numerator","pay","sürət","მრიცხველი","числитель","հաշվիչ"
"376","operation","operasyon, işlem","əməliyyat","ოპერაცია","операция","գործողություն"
"377","root extraction","kök almak","kök almaq","ფესვის ამოღება","извлечение корня","արմատի վերացում"
"378","pertain","ait olmak","aid olmaq","ეკუთვნის","принадлежать","պատկանում է"
"379","order","düzen","quruluş","რიგი","порядок","շարք"
"380","rule","kural","qayda","წესი","правило","Կանոն"
"381","natural number","doğal sayı","natural ədəd","ნატურალური რიცხვი","натуральное число","Բնական թիվ"
"382","ordinate","ordinat","ordinat","ორდინატა","ордината","Օրդինատ"
"383","oval","oval","oval","ოვალი","овал","ձվաձեւ"
"385","parallelepiped","paralelyüz","paralelepiped","პარალელეპიპედი","параллелепипед","սեղան"
"387","parameter","parametre","parametr","პარამეტრი","параметр","պարամետր"
"388","example","örnek","misal, nümunə","მაგალითი","пример","օրինակ"
"389","parentheses","parantez","mötərizə","ფრჩხილები","скобки","փակագծեր"
"390","percent","yüzde"," faiz; faiz nisbəti","პროცენტი","процент","տոկոս"
"391","perimeter","çevre","perimetr","პერიმეტრი","периметр","պարագիծ"
"392","semiperimeter","yarı çevre","yarı perimetr","ნახევარპერიმეტრი","полупериметр","կիսապարագիծ"
"394","midperpendicular","orta dik","perpendikulyarın kəsişmə nöqtəsi","შუამართობი","среднеперпендикулярный","միջին ուղղահայաց"
"395","placements","yerleştirme","yerləşdirmə","განლაგება","размещение","դասավորություն"
"396","plane","düzlem","müstəvi","სიბრტყე","плоскость","Հարթություն"
"397","rectangular","dikdörtgen","düzbucaqlı","მართკუთხა","прямоугольный","Ուղղանկյուն"
"398","inflection point","dönüm noktası","əyilmə nöqtəsi","გადაღუნვის წერტილი","точка перегиба","Շրջադարձային կետ"
"399","interior point","iç nokta","daxili nöqtə","შიდა წერტილი","внутренняя точка","Ներքին կետ"
"400","point of gap","boşluk noktası","boşluq nöqtəsi","წყვეტის წერტილი","точка разрыва","Ընդմիջման կետ"
"401","singular point","tekil nokta","tək nöqtə","გადაგვარებული წერტილი","особая точка","եզակի կետ"
"402","stationary point","sabit nokta","sabit nöqtə","სტაციონარული წერტილი","стационарный точка","անշարժ կետ"
"403","polyhedron","çok yüzlü cisim, polihedron","düzgün çoxüzlülər","მრავალწახნაგა","многогранник","բազմանիստ"
"404","root degree","kök derecesi","kök dərəcəsi","ფესვის რიგი","степень корня","արմատային աստիճան"
"405","scalar product","skaler çarpım","skalar vurma","სკალარული გამრავლება","скалярное произведение","սկալյար արտադրյալ"
"407","arithmetic progression","Aritmetik ilerleme","ədədi silsilə","არითმეტიკული პროგრესია","Арифметическая прогрессия","թվաբանական պրոգրեսիա"
"408","geometric progression","geometrik ilerleme","həndəsi silsilə","გეომეტრიული პროგრესია","геометрическая прогрессия","երկրաչափական պրոգրեսիա"
"409","decreasing progression","azalan ilerleme","azalan silsilə","კლებადი პროგრესია","убывающая прогрессия","նվազող պրոգրեսիա"
"410","increasing progression","artan ilerleme","artan silsilə","ზრდადი პროგრესია","возврастающая прогрессия
Part of speech	Translation	Reverse translations	Frequency
help_outline
Adjective
возрастающая","աճող պրոգրեսիա"
"411","projection","eksen","proyeksiya","პროექცია","проекция","Պրոյեկցիա"
"412","unknown term","bilinmeyen terim","bilinməyən nəzəriyyə","უცნობი წევრი","неизвестный член","Անհայտ անդամ"
"413","proportionality","orantılılık","mütənasiblik","პროპორციულობა","пропорциональность","Համաչափություն"
"414","unique value","benzersiz değer","misilsiz dəyər","ერთადერთი მნიშვნელობა","единственное значение","Միակ իմաստ"
"415","quadrant","çeyrek","kvadrat","მეოთხედი, კვადრანტი","квадрант","Քառորդ"
"417","radian","radyan","radiyan","რადიანი","радиан","ռադիան"
"419","rectangle","dikdörtgen","düzbucaq","ოთხკუთხედი","прямоугольник","քառանկյուն"
"420","statistic","istatistik","statistika","სტატისტიკა","статистика","Վիճակագրություն"
"421","remainder","geri kalan kısım","qalıq","ნაშთი","остаток","մնացորդ"
"422","root","kök","kök","ფესვი","корень","արմատ"
"423","cube","küp","kub","კუბი","куб","Խորանարդ"
"424","scalar","sayısal, ölçek","skalar","მუდმივი, სკალარი","скаляр","Մշտական, սկալյար"
"425","time","zaman","vaxt, zaman","დრო","время","ժամանակ"
"426","temperature","sıcaklık","temperatura","ტემპერატურა","температура","ջերմաստիճան"
"427","density","yoğunluk","sıxlıq","სიმკვრივე","плотность","խտություն"
"428","mass","kütle","kütlə","მასა","масса","զանգված"
"429","secant","sekant","sekan","მკვეთი","секущий","հատող գիծ"
"430","midpoint","orta noktası","orta nöqtə","შუაწერტილი","середина","միջնակետ"
"432","union of sets","kümeler birliği","çoxluqların birləşməsi","სიმრავლეთა გაერთიანება","объединение множеств","բազմությունների միավորում"
"433","Intersection of sets","setlerin kesişimi","çoxluqların kəsişməsi","სიმრავლეთა თანაკვეთა","Пересечение множеств","բազմությունների հատում"
"434","open set","açık küme","açıq çoxluq","ღია სიმრავლე","открытое множество","բաց բազմություն"
"435","integers","tam sayı","tam ədəd","მთელი რიცხვები","целые числа","Ամբողջ թվեր"
"437","subset","alt küme","altçoxluq","ქვესიმრავლე","подмножество","Ենթաբազմություն"
"438","to belong","ait olmak","aid olmaq","ეკუთვნის","принадлежать","Պատկանում է"
"439","side","taraf","tərəf","გვერდი","сторона","Էջ"
"440","sign","işaret","işarət","ნიშანი","знак","Նշան"
"441","perpendicular sign","diklik işareti","şaqulilik işarəti","პერპენდიკულარობის ნიშანი","признак перпендикулярности","Ուղղահայացության նշան"
"442","sign of relations","ilişkilerin işaretleri","bölmə işarələri","მიმართების ნიშანი","знак отношений","հարաբերությունների նշան"
"443","sign of comparison","karşılaştırma işareti","bərabərsizlik işarəsi","შედარების ნიშანი","признак сравнения","Համեմատության նշան"
"444","hyperbolic sine","hiperbolik sinüs","hiperbolik sinus","ჰიპერბოლური სინუსი","гиперболический синус","Հիպերբոլիկ սինուս"
"445","sine","sinüs","sinus","სინუსი","синус","սինուս"
"446","theorem of sines","sinüs teoremi","sinus teoriyası","სინუსების თეორემა","теорема синусов","Սինուսների թեորեմ"
"447","sine wave","sinüs dalgası","sinus dalğası","სინუსური ტალღა","синусоидальная волна","Սինուսային ալիք"
"448","space","uzay","məkan","სივრცე","пространство","տարածություն"
"449","euclidean space","öklid uzayı","Evklid fəzası","ევკლიდური სივრცე","евклидово пространство","էվկլիդյան տարածություն"
"450","square meter","metre kare","kvadrat metr","კვადრატული მეტრი","квадратный метр","քառակուսի մետր"
"451","substitution","değiştirme","əvəzedici","ჩასმა, შეცვლა","замена","տեղադրում"
"452","subtraction","çıkartma","çıxma","გამოკლება","вычитание","հանում"
"453","tetrahedron","tetrahedron","tetraedr","ტეტრაედრი","тетраэдр","քառանիստ"
"454","Fermat's theorem","Fermat teoremi","Fermat teoremi","ფერმას თეორემა","Теорема Ферма","Ֆերմատի թեորեմ"
"455","theorem","teorem","teorem","თეორემა","теорема","թեորեմ"
"456","Pythagorean theorems","Pisagor teoremleri","Pifaqor teoriyası","პითაგორას თეორემა","Теорема пифагора","Պյութագորասի թեորեմ"
"457","transformation","dönüşüm","dəyişim","გარდაქმნა","преобразование","վերափոխում"
"458","isosceles trapezium","İkizkenar yamuk","bərabər yanlı trapesiya","ტოლფერდა ტრაპეცია","равнобедренная трапеция","հավասարասրուն սեղան"
"459","Curvilinear trapezoid","Eğrisel yamuk","əyrixətli trapesiya","მრუდწირა ტრაპეცია","Криволинейная трапеция","կոր սեղան"
"460","triangle of Pascal","Pascal Üçgeni","pasqal üçbucağı","პასკალის სამკუთხედი","треугольник Паскаля","Պասկալ եռանկյուն"
"461","isosceles","ikizkenar","bərabər yan","ტოლფერდა","равнобедренный","հավասարասրուն"
"462","acute-angled triangle","akut açılı üçgen","itibucaqlı üçbucaq","მახვილკუთხა სამკუთხედი","acute-angled triangle","սուրանկյուն եռանկյուն"
"463","scalene triangle","eşkenar olmayan üçgen","ixtiyari üçbucaq","სხვადასხვა კუთხა სამკუთხედი","остроугольный треугольник","Եռանկյան տարբեր անկյուններ"
"464","right triangle","düzgün üçgen","düzbucaqlı üçbucaq","მართკუთხა სამკუთხედი","прямоугольный треугольник","ուղղանկյուն եռանկյուն"
"465","obtuse-angled triangle","geniş açılı üçgen","kor bucaqlı üçbucaq","ბლაგვკუთხა სამკუთხედი","тупоугольный треугольник","բութանկյուն եռանկյուն"
"466","regular triangle","normal üçgen","bərabər tərəfli üçbucaq","ტოლგვერდა სამკუთხედი","правильный треугольник","հավասարակողմ եռանկյուն"
"467","equilateral triangle","eşkenar üçgen","bərabər tərəfli üçbucaq","ტოლგვერდა სამკუთხედი","равносторонний треугольник","հավասարակողմ եռանկյուն"
"468","random variable","Değişken değer","dəyişən qiymət","შემთხვევითი ცვლადი","случайная переменная","փոփոխական մեծություն"
"469","absolute value","mutlak değer","mütləq dəyər","აბსოლუტური მნიშვნელობა","абсолютная величина","բացարձակ արժեք"
"470","approximate value","yaklaşık değer","təxmini dəyər","მიახლოებითი მნიშვნელობა","приблизительное значение","մոտավոր արժեք"
"484","surd","rasyonel olmayan sayı","rasional olmayan ədəd","ირაციონალური რიცხვი","иррациональный","Իռացիոնալ թիվ"
"485","pentagon","beşgen","düzgün beşbucaqlı","ხუთკუთხედი","пятиугольник","հնգանկյուն"
"486","cardinal number","nicel sayı","kardinal ədəd","კარდინალური რიცხვი","кардинальное число","Կարդինալ համար"
"487","closed set","kapalı küme","bağlı çoxluq","ჩაკეტილი სიმრავლე","замнкнутое множество","փակ բազմություն"
"488","cuboid","dikdörtgenler prizması","düzbucaqlı paralelepiped","მართკუთხა პარალელეპიპედი","кубовид","Ուղղանկյուն զուգահեռագիծ"
"489","cusp","köşe noktası","bucaq nöqtəsi","ნისკარტი","куспид","գագաթ"
"490","decagon","ongen","onbucaqlı","ათკუთხედი","десятиугольник","տասնանկյուն"
"491","digit","rakam","rəqəm","ციფრი","цифра","թվանշան"
"492","dodecahedron","dodekaedr","dodekaedr","დოდეკაედრი, 12-კუთხა წესიერ მრავალკუთხედი","додекаэдр","տասներկուանիստ"
"493","frequency","frekans","tezlik","სიხშირე","частота","Հաճախականություն"
"494","helix","sarmal","spiral","სპირალი","спираль","Պարույր"
"495","hemisphere","yarım küre","yarımkürə","ნახევარსფერო","полушарие","կիսագունդ"
"496","heptagon","yedigen","yeddibucaqlı","შვიდკუთხედი","семиугольник","յոթանկյուն"
"497","hexagon","altıgen","altıbucaqlı","ექცსკუთხედი","шестиугольник","վեցանկյուն"
"498","icosahedron","	yirmiyüzlü","ikosaedr","წესიერი ოცწახნაგა, იკოსაედრი","икосаэдр","կանոնավոր քսանանիստ"
"499","imaginary number","sanal sayılar","xəyali ədədlər","წარმოსახვითი რიცხვი","мнимое число","Երևակայական թիվ"
"500","locus","gezenek","lokus","წერტილთა გეომეტრიული ადგილი","геометрическое место точек","Կետերի երկրաչափական տեղ"
"501","logarithm","logaritma","loqarifm","ლოგარითმი","логарифм","Լոգարիթմ"
"502","node","sürekli bir eğrinin kendisi ile kesiştiği nokta,","düyün","კვანძი","узел","հանգույց"
"503","nonagon","dokuzgen","doqquzbucaqlı","ცხრაკუთხედი","девятиугольник","ինանկյուն"
"504","prime number","asal sayı","sadə ədəd","მარტივი რიცხვი","простое число","պարզ թիվ"
"505","hyperbolic spiral","hiperbolik spiral","hiberbolik spiral","ჰიპერბოლური სპირალი","гиперболическая спираль","հիպերբոլիկ պարույր"
"506","reciprocal","sayının çarpmaya göre tersi","qarşılıqlı","შებრუნებული","взаимный","Շրջված"
"507","solid geometry","uzay geometri","stereometriya","სტერეომეტრია","стереометрия","Ստերեոմետրիա"
"508","width","en","eni","სიგანე","ширина","լայնություն"
"509","depth ","derinlik","dərinlik","სიღრმე","глубина","խորություն"
"510","strange attractor(a type of chaotic dynamical system)","değişik 	dinamik bir sistemde değişkenlerin evrimleşme eğiliminde olduğu değerler kümesi",,"უცნაური ატრაქტორი (ქაოსური დინამიური სისტემის ერთ-ერთი სახე)","странный аттрактор (разновидность хаотической динамической системы)","տարօրինակ գրավիչ"
"511","torus","simit (geometri)","tor (həndəsi fiqur)","ტორი","тор","տորուս"
"512","universal set","evrensel küme","universal çoxluq","უნივერსალური სიმრავლე","универсальный набор","ունիվերսալ հավաքածու"
"513","Venn diagram","Venn şeması","Venn diaqramı","ვენის დიაგრამა","Диаграмма Венна","Վենի դիագրամ"
"514","diagram","şema","diaqramı","დიაგრამა","диаграмма","դիագրամ"
"515","vulgar fraction","bayağı kesir","vulqar fraksiya","ჩვეულებრივი წილადი","простая дробь","Սովորական կոտորակ"
"516","zigzag","	zikzak","ziqzaq","ზიგზაგი","зигзаг","զիգզագ"
"517","dotted","noktalı","nöqtəli","პუნქტირი","пунктирный","Կետադրություն"
"518","parallel lines","paralel doğrular","paralel xəttlər","პარალელური წრფეები","параллельные линии","զուգահեռ գծեր"
"519","wavy","dalgalı","dalğalı","ტალღური","волнистый","ալիքաձև"
"520","brackets","köşeli ayraç","kvadrat mötərizə","კვადრატული ფრჩხილები","скобки","քառակուսային փակագծեր"
"521","braces (grouping)","küme parantezi","çoxluq mötərizəsi","ფიგურული ფრჩხილები","фигурные скобки","փակագծեր"
"522","summation","toplama","cəm","შეჯამება","суммирование","ամփոփում"
"523","exists, (∃)","vardır","mövcuddur","არსებობს","существует, (∃)","գոյություն ունի"
"524","therefore","	onun için, 	onyüzden","buna görə","მაშასადამე","следовательно","Հետեւաբար"
"525","empty set","boş küme","boş çoxluq","ცარიელი სიმრავლე","пустое множество","Դատարկ բազմություն"
"526","theta","teta","teta","თეტა","тета","թետա"
"527","homeomorphism","homeomorfizma","homeomorfluq","ჰომეომორფიზმი","гомеоморфизм","հոմեոմորֆիզմ"
"528","topological space","topolojik uzaylar","topoloji fəza","ტოპოლოგიური სივრცე","топологическое пространство","տոպոլոգիական տարածություն"
"529","limit of a sequence","dizinin limiti","ardıcıllığın həddi","მიმდევრობის ზღვარი","предел последовательности","հաջորդականության սահման"
"530","convergent","yakınsak","yaxınlaşan","კრებადი","сходящийся","ժողովածու"
"531","divergent","ıraksak","fərqli","განშლადი","расходящийся","տարբերվող"
"532","null sequence","sıfır dizisi","sıfır ardıcıllıq","ნულოვანი მიმდევრობა","нулевая последовательность","զրոյական հաջորդականություն"
"533","illustration","illüstrasyon","illüstrasiya","ილუსტრაცია","иллюстрация","իլյուստրացիա"
"534","positive integers","pozitif tamsayılar kümesi","müsbət tam ədədlər","დადებითი მთელი რიცხვი","положительные целые числа","դրական ամբողջ թվեր"
"535","order theory","sıra teorisi","sıra nəzəriyyəsi","დალაგების თეორია","теория упорядочения, порядка","Տեսակավորման տեսություն"
"536","finite set","sonlu küme","sonlu çoxluq","სასრული სიმრავლე","конечное множество","վերջավոր բազմություն"
"537","mathematical analysis","Matematiksel analiz","Riyazi analiz","მათემატიკური ანალიზი","математический анализ","մաթեմատիկական վերլուծություն"
"538","Fibonacci numbers","Fibonacci dizisi","Fibonaççi ədədləri","ფიბონაჩის რიცხვები","Числа Фибоначчи","Ֆիբոնաչիի թվեր"
"539","stream","akım",,"ნაკადი","поток","հոսք"
"540","string (computer science)","dize (bilgisayar bilimi",,"სიმი","струна (информатика)","լար"
"541","number theory","sayılar teorisi","ədədlər nəzəriyyəsi","რიცხვთა თეორია","теория чисел","թվերի տեսություն"
"542","infimum","infimum",,"ინფიმუმი, ზუსტი ქვედა საზღვარი","инфимум","ինֆիմում"
"543","supremum","eküs",,"სუპრემუმი, ზუსტი ზედა საზღვარი","супремум","գերագույն"
"545","holonomic function","holonomik fonksiyon","holonomik funksiya","ჰოლონომური ფუნქცია","голономная функция","հոլոնոմիկ գործառույթ"
"546","Taylor series","Taylor serisi","Teylor sırası","ტეილორის მწკრივი","ряд Тейлор","Թեյլորի շարք"
"547","codomain","değer kümesi",,"კოსახე","кообраз","Կոսախե"
"548","uncountable set","sayılamaz küme","saysız çoxluq","არათვლადი სიმრავლე","несчетное множество","անհաշվելի բազմություն"
"549","monotonic function","monoton fonksiyon, tekdüze işlev","artan funksiya","მონოტონური ფუნქცია","монотонная функция","միատոն ֆունկցիա"
"550","squeeze theorem","sıkıştırma teoremi","sıxlaşdırmaq teoriyası","რეკამანის მიმდევრობა","теорема сжатия","Վերականգնել հաջորդականություն"
"551","metric space","metrik uzay","metrix fəza","მეტრული სივრცე","метрическое пространство","մետրային տարածություն"
"552","complete metric space","tam metrik uzay","tam metrik fəza","სრული მეტრული სივრცე","полное метрическое пространство","ամբողջական մետրային տարածություն"
"553","pointwise","	noktasal","yönlü","წერტილოვანი","точечно","Կետավոր"
"554","norm","ortalama, norm","norma","ნორმა","norm","սահմանված կարգ"
"555","function space","fonksiyon uzayı","funksiya fəzası","ფუნქციათა სივრცე","функциональное пространство","ֆունկցիոնալ տարածք"
"556","Fréchet space","	frechet uzayı","Fréchet fəzası","ფრეშეს სივრცე","Пространство Фреше","Ֆրեշի տարածություն"
"557","pointwise convergence","	noktasal yakınsaklık","yönlü yaxınlaşma","წერტილოვანიზღვარი","поточечная сходимость","կետային կոնվերգենցիա"
"558","sequence space","dizi uzayı","sıra fəzası","მიმდევრობათა სივრცე","пространство последовательностей","հաջորդականության տարածություն"
"559","pointwise addition","noktasal toplama","yönlü toplama","წერტილოვანი შეკრება","точечное сложение","Կետերի հավաքածու"
"560","convergent sequence","yakınsak dizi","yaxınlaşan sıra","კრებადი მიმდევრობა","сходящаяся последовательность","Հավաքման հաջորդականություն"
"561","Banach space","Banach uzayı","Banach fəzası","ბანახის სივრცე","Банахово пространство","Բանախի տարածություն"
"562","Hölder's inequality","Hölder eşitsizliği","Hölderin bərabərsizliyi","ჰიოლდერის უტოლობა","Неравенство Гёльдера","Հոլդերի անհավասարություն"
"564","reflexive space","dönüşlü uzay","qayıdış fəzası","რეფლექსური სივრცე","Рефлексивное пространство","ռեֆլեքսիվ տարածություն"
"565","Hilbert spaces ","Hilbert uzayı","Hilbert fəzası","ჰილბერტის სივრცე","Гильбертово пространства","Հիլբերտի տարածություն"
"566","abuse of notation",,,"აღნიშნვების ბოროტად გამოყენება","злоупотребление обозначениями","Նշումների սխալ օգտագործում"
"567","Schauder basis","	schauder tabanı","schauder bazası, təməli","სოიდერის ბაზისი","Базис Ша́удера","Շաուդերի հիմք"
"568","weak topology","zayıf topoloji","zəif topologiya","სუსტი ტოპოლოგია","Слабая сходимость","թույլ տոպոլոգիա"
"570","dual space","dual uzay, eşlek uzay","ikili fəza","მეორედი სივრცე","Двойственное пространство","երկակի տարածություն"
"571","homomorphism","homomorfizma","homomorfizm","ჰომომორფიზმი","Гомоморфизм","հոմոմորֆիզմ"
"572","ring","halka","halqa","რგოლი","Кольцо","մատանի"
"573","isomorphism","izomorfizma","izomorfluq","იზომორფიზმი","Изоморфизм","իզոմորֆիզմ"
"574","morphism","morfizma","morfizm","მორფიზმი","морфизм","մորֆիզմ"
"575","bijection","birebir örten fonksiyon"," biyektiv","ბიექცია","Биекция","բիեկցիա"
"576","inverse function","ters fonksiyon","Tərs funksiya","შებრუნებული ფუნქცია","inverse function","հակադարձ ֆունկցիա"
"577","injective function","birebir fonksiyon","inyektiv","ინექციური ფუნქცია","инъективная функция","Ներարկման ֆունկցիա"
"578","surjective function","örten fonksiyon","süryektiv funksiya","სიურექციული ფუნქცია","сюръективная функция","սուբյեկտիվ ֆունկցիա"
"579","endomorphism","	endomorfizm,özyapı dönüşümü","endomorfizm","ენდომორფიზმი","эндоморфизм","էնդոմորֆիզմ"
"580","associative property","birleşme özelliği (ikili işlemler)","assosiativlik xassəsi","ასოციაციურობის თვისება","ассоциативное свойство","ասոցիատիվ հատկություն"
"581","automorphism","otomorfizm","avtomorfizm","ავტომორფიზმი","автоморфизм","ավտոմորֆիզմ"
"582","monomorphism","monomorfizm","monomorfizm","მონომორფიზმი","мономорфизм","մոնոմորֆիզմ"
"583","epimorphism","	epimorfizm","epimorfizm","ეპიმორფიზმი","эпиморфизм","էպիմորֆիզմ"
"584","associative property of addition","toplamanın birleşme özelliği","cəmin assosiativlik xassəsi","შეკრების ასოციაციურობა","ассоциативное свойство сложения","համախմբման ասոցիացիա"
"585","field","cisim","meydan","ველი","поле","դաշտ"
"586","group","grup","qrup","ჯგუფი","группа","խումբ"
"587","Lie group","lie grubu","lie qrupu","ლის ჯგუფი","Группа Ли","Լի խումբ"
"588","monoid","birlik","monoid","მონოიდი","моноид","Մոնոիդ"
"589","binary operation","İkili işlem","ikili əməliyyat","ბინარული ოპერაცია","бинарная операция","երկուական գործողություն"
"590","semigroup","yarı öbek","yarımqrup","ნახევარჯგუფი","полугруппа","կիսախումբ"
"591","algebraic structure","cebirsel yapı","cəbri quruluş","ალგებრული სტრუქტურა","алгебраическая структура","հանրահաշվական կառուցվածք"
"592","abelian group","abelyen grup","abeli qrupu","აბელური ჯგუფი","абелева группа","աբելյան խումբ"
"593","abstract algebra","soyut cebir","abstrakt cəbr","აბსტრაქტული ალგებრა","абстрактная алгебра","վերացական հանրահաշիվ"
"594","quasigroup","quasigrup","kvaziqrup","კვაზიჯგუფი","Квазигруппа","քվազի խումբ"
"595","identity element","birim öğe",,"იგივური ელემენტი","единичный элемент","ինքնության տարր"
"596","knot","düğüm","düyün","კვანძი","узел","Հանգույց"
"597","antisymmetry","antisimetri","antisimmetriya","ანტისიმეტრია","антисимметрия","հակասիմետրիա"
"598","group theory","grup teorisi","qrup nəzəriyyəsi","ჯგუფთა თეორია","теория групп","խմբի տեսություն"
"599","subgroup","altöbek","altqrup","ქვეჯგუფი","подгруппа","ենթախումբ"
"600","module homomorphism","module homomorfizması","modul homomorfizmi","მოდულური ჰომომორფიზმი","модульный гомоморфизм","մոդուլի հոմոմորֆիզմ"
"601","category theory","kategori teorisi","kateqoriya nəzəriyyəsi","კატეგორიათა თეორია","теория категорий","կատեգորիայի տեսություն"
"603","adjoint functors",,,"შეუღლებული ფუნქტორი","сопряжённые функторы","հարակից գործառույթ"
"605","axiomatic set theory","aksiyomatik küme teorisi","aksiomatik çoxluq nəzəriyyəsi","სიმრავლეთა აქსიომატური თეორია","аксиоматическая теория множеств","աքսիոմատիկ բազմությունների տեսություն"
"606","set theory","kümeler teorisi","çoxluqlar nəzəriyyəsi","სიმრავლეთა თეორია","аксиоматическая теория множеств","բազմությունների տեսություն"
"607","functional analysis","fonksiyonel analiz","funksional analiz","ფუნქციონალური ანალიზი","функциональный анализ","ֆունկցիոնալ վերլուծություն"
"608","Fourier transform","Fourier dönüşümü","Furye çevrilməsi","ფურიეს გარდაქმნა","преобразование Фурье","Ֆուրիեի փոխակերպում"
"609","Riemann integral","Riemann integrali","Rieman inteqralı","რიმანის ინტეგრალი","Riemann integral","Ռիմանի ինտեգրալ"
"610","heat equation","ısı denklemi","istilik tənliyi","სითბოს განტოლება","уравнение теплопроводности","ջերմային հավասարում"
"611","Gaussian function","Gauss fonksiyonu","Gauss funksiyası","გაუსის ფუნქცია","Функция Гаусса","Գաուսի ֆունկցիա"
"612","Peano axioms","Peano aksiyomları","Peano aksiomları","პეანოს აქსიამა","Аксиомы Пеано","Պյանոյի աքսիոմներ"
"613","Pythagorean triple","Pisagor üçlüsü","Pifagor üçlüsü","პითაგორას სამეული","Пифагорейская тройка","Պյութագորաս եռյակ"
"615","Diophantine equation","Diyofantus denklemi","Diofant tənliyi","დიოფანტური განტოლება","Диофантово уравнение","Դիոֆանտինի հավասարում"
"616","Euclidean algorithm","Öklid algoritması","Evklid alqoritmi","ევკლიდეს ალგორითმი","алгоритм Евклида","Էվկլիդեսյան ալգորիթմ"
"617","amicable numbers","bağdaşık sayılar",,"მეგობრული რიცხვები","дружественные числа","ընկերական համարներ"
"619","affine space","affin uzayı","affin fəzası","აფინური სივრცე","аффинное пространство","հարաբերական տարածություն"
"620","function composition","bileşke fonksiyon","mürəkkəb funksiya","ფუნქციათა კომპოზიცია","композиция функций","ֆունկցիայի կազմ"
"621","modular group","modüler, ölçken grup","modul qrupu","მოდულარული ჯგუფი","модулярная группа","մոդուլային խումբ"
"622","Möbius transformation","Möbius dönüşümü","Möbius transformasiyası","მიობიუსის გარდაქმნა","Преобразование Мёбиуса","Միոբիուսի փոխակերպում"
"623","projective linear group","projektif doğrusal grup","proyektiv xətti qrup","პროექციული წრფივი ჯგუფი","проективная линейная группа","նախագծային գծային խումբ"
"624","error function","hata fonksiyonu","xətta fumksiyası","შეცდომის ფუნქცია","функция ошибки","սխալի ֆունկցիա"
"625","geometric series","geometrik seri","həndəsi sıra","გეომეტრიული მწკრივი","геометрический ряд","երկրաչափական շարք"
"626","common ratio","ortak oran r","ortaq nisbət r","გეომეტრიული პროგრესიის მნიშვნელი","знаменатель геомежтрической прогрессии","ընդհանուր հարաբերակցություն"
"627","closed-form formula","yakınsaklık kanıtı",,"ჩაკეტილი ფორმულა","формула в закрытой форме","փակ բանաձև"
"628","range of a function","işlevin değer kümesi",,"ფუნქციის რანგი","ранг  функции","ֆունկցիայի տիրույթ"
"630","directed set","yönlü küme","yönəldilmiş çoxluq","მიმართული სიმრავლე","направленное множество","ուղղորդված բազմություն"
"631","subsequence","	altdizi","son ardıcılıq","ქვემიმდევრობა","подпоследовательность","հաջորդականություն"
"632","separable space","ayrılabilir uzay","ayrılabilən fəza","სეპარაბელური სივრცე","сепарабельное пространство","բաժանելի տարածություն"
"633","subspace topology","	alt uzay ilingesi","altfəza topologiyası","ქვესივრცის ტოპოლოგია","топология подпространства","ենթատարածության տոպոլոգիա"
"634","connected space","bağlantılı uzay","bağlı fəza","ბმული სივრცე","связанное пространство","միացված տարածք"
"635","connected components","bağlantılı bileşen","əlaqəli komponentlər","ბმულიკმპონენტები","связанные компоненты","միացված բաղադրիչներ"
"636","clopen set, (closed-open set)","kapalı-açık küme","qapalı-açıq çoxluq","ღია-ჩაკეტილი სიმრავლე","замкнутое множество, замкнуто-открытое множество","փակ-բաց բազմություն"
"638","sufficiently large","yeterince büyük","kifayət qədər böyük","საკმარისად დიდი","достаточно большой","բավականաչափ մեծ"
"639","linear subspace","	doğrusal altuzay","xətti altfəza","წრფივი ქვესივრცე","линейное подпространство","գծային ենթատարածություն"
"640","differentiable function","diferansiyel fonksiyon","diferensial funksiya","დიფერენცირებადი ფუნქცია","дифференцируемая функция","տարբերվող ֆունկցիա"
"641","continuity","	devamlılık","davamlılıq","უწყვეტობა","непрерывность","Շարունակականություն"
"642","intermediate value theorem","ara değer teoremi","orta dəyər teoreması","თეორემა თეორემა შუალედური მნიშვნელობის შესახებ","теорема о промежуточном значении","միջանկյալ արժեքի թեորեմ"
"644","algebraic topology","cebirsel topoloji","cəbri topologiya","ალგებრული ტოპოლოგია","алгебраическая топология","հանրահաշվական տոպոլոգիա"
"645","cohomology group","kohomoloji grup","kohomologiya qrupu","კოჰომოლოგიის ჯგუფი","группа когомологий","կոհոմոլոգիայի խումբ"
"646","homotopy groups","homotopi grup","homotopiya qrupları","ჰომოტოპიის ჯგუფი","гомотопические группы","հոմոտոպիայի խմբեր"
"647","continuous function","sürekli fonksiyon","funksiyanın sonsuzluğu","უწყვეტი ფუნქცია","непрерывная функция","անվերջ ֆունկցիա"
"648","neighbourhood","komşuluk","qonşuluq","მიდამო","окрестность","Տարածք"
"649","manifold","çok katlı","çoxobrazlı","მრავალნაირობა","многообразие","բազմազան"
"650","compact space","tıkızlık","yığcam fəza","კომპაქტური სივრცე","компактное пространство","կոմպակտ տարածություն"
"651","planar graph","düzlemsel grafik","planar qrafik","ბრტყელი გრაფი","планарный граф","հարթ գրաֆիկ"
"652","butterfly graph","kelebek grafiği","kəpənək qrafiki","პეპელას გრაფი","график бабочки","թիթեռի գրաֆիկ"
"653","vertice","köşe","zirvə","წვერო","вершина","գագաթ"
"654","girth","	çevre","ətraf","გარშემოწერილობა","обхват","շրջապատ"
"655","complete graph","tam grafik","tam qrafik","სრული გრაფი","полный график","ամբողջական գրաֆիկ"
"657","convex polytope","dışbükey politop","qabarıq politop","ამოზნექილი მრავალკუთხედი","выпуклый многогранник","Ուռուցիկ բազմանկյուն"
"658","De Morgan's laws","De Morgan yasası","De Morqan qanunları","მორგანის კანონები","Законы де Моргана","Դե Մորգանի օրենքներ"
"659","image","görüntü kümesi","təsvir","სახე","образ","պատկեր"
"660","fundamental group","temel grup","əsas qrup","ფუნდამენტალური ჯგუფი","фундаментальная группа","հիմնարար խումբ"
"661","star","yıldız","ulduz","ვარსკვლავი","звезда","աստղ"
"662","closure","kapanış","bağlanma, qapanma","ჩაკეტვა","замыкание","շրջափակ"
"663","link","bağlantı","əlaqə","ბმა","ссылка","հղում"
"664","simplicial complex","basit kompleks","sadələşdirilmiş kompleks","სიმპლიციალური კომპლექსი","симплициальный комплекс","պարզ կոմպլեքս"
"665","presentation of a group","grup tanımı","qrupun təqdimatı","ჯგუფის წარმოდგენა","Ззадание группы","խմբի ներկայացում"
"666","unit square","birim kare","vahid kvadrat","ერთეულოვანი კვადრატი","единичный квадрат","միավոր քառակուսի"
"667","interval","aralık","aralıq, interval","ინტერვალი","интервал","հեռավորություն"
"668","Trefoil knot","Trefoil (yonca) düğünü","Trefoil düyünü","სამფურცლიანი კვანძი","Узел трилистник","Երեք էջանի հանգույց"
"669","stretch","parça","parça","განფენილობა","протяжение","ձգում"
"670","map",,"inikas","ასახვა","отображение","ցուցադրում"
"671","necessary and sufficient condition","gerekli ve yeterli koşul","zəruri və kafi şərt","აუცილებელია და საკმარისი","необходимое и достаточное условие","անհրաժեշտ և բավարար պայման"
"672","incomplete equation","tamamlanmamış denklem","natamam tənlik","არასრული განტოლება","неполное уравнение","անավարտ հավասարում"
"673","bounded","sınırlandırılmış","məhdud","შემოსაზღვრული","ограниченный","սահմանափակված"
"674","column","sütun","sütun","სვეტი","column","սյունակ"
"675","crossing","kesişme","kəsişmə","გადამკვეთი","пересечение","հատում"
"676","mixed multiplication","karışık çarpma","qarışıq hasil","შერეული ნამრავლი","смешанное произведение","խառը բազմապատկում"
"677","coplanarity","komplanar","komplanar","კომპლანარული","копланарность","համակողմանիություն"
"678","collinearity","kollinear vektör","kollinear vektorlar","კოლინეარული","коллинеарность","համակցականություն"
"680","tip","uç","zirvə","წვერო","вершина","գագաթ"
"681","transposition","yerdeğiştirme","yerdəyişmə","გადანაცვლება","перестановка","Տեղաշարժ"
"682","insert","eklemek","yerləşdirmək","ჩასმა","вставить","տեղադրել"
"683","round","yuvarlak","yumru","მრგვალი","круглый","կլոր"
"684","hundreds","yüzlük","yüzlük","ასეულები","сотни","հարյուրավոր"
"685","common","genel","ümumi","საერთო","общий","ընդհանուր"
"686","unit","birler basamağı","təklik","ერთეული","единица","միավոր"
"687","faces","yüzü","üzləri","წახნაგები","лица","դեմքեր"
"688","trajectory","gezinge","trayektoriya","ტრაექტორია, მიმართულება","траектория","հետագիծ"
"689","thousands","binler","minlik","ათასეულები","тысячи","հազարավոր"
"690","mathematical validation","matematiksel tasdik","riyazi sübut","მათემატიკური დამტკიცება","математическая проверка","մաթեմատիկական ապացույց"
"691","part","kısım","hissə","ნაწილი","часть","մաս"
"692","movement","hareket","hərəkət","მოძრაობა","движение","շարժում"
"693","arrangement","aranjman","aranjeman","წყობა","расположение
Part of speech	Translation	Reverse translations	Frequency
help_outline
Noun
расположение","կարգավորում"
"694","association","	birleşme","birləşmə","ასოციაცია","ассоциация","զուգորդում
զուգորդում"
"695","cartesian product","	dekart çarpımı","dekart hasili","დეკარტული ნამრავლი","декартово произведение","Դեկարտյան արտադրյալ"
"696","factor group","faktör grubu","faktor qrubu","ფაქტორჯგუფი","факторгруппа","ֆակտորխումբ"
"697","linear algebra","lineer cebir","xətti cəbr","წრფივი ალგებრა","линейная алгебра","գծային հանրահաշիվ"
"698","rounding","yuvarlama","yuvarlaqlaşdırma","დამრგვალება","округление","կլորացում"
"699","linear programming","doğrusal programlama","xətti proqramlaşdırma","წრფივი დაპროგრამება","линейное программирование","գծային ծրագրավորում"
"700","approximation","tahmini","təqribi","მიახლოებითი","приближение","մոտեցում"
"701","Vieta's formulas","Vieta formülleri","Viyet düsturlar","ვიეტას თეორემა","Формулы Виета","Վիետայի բանաձեւ"
"702","Roman numerals","Roma rakamları","Rum rəqəmləri","რომაული ციფრები","римские цифры","Հռոմեական թվեր"
"703","gravity","kütleçekim","cazibə qüvvəsi","გრავიტაცია","сила тяжести","ձգողականություն"
"704","pentagram","pentagram","pentaqramma","ვარსკვლავი, პენტაგრამა","пентаграмма","աստղ, Պենտագրամա"
"705","Ptolemy's theorem","Batlamyus teoremi","Ptolmey teoremi","პტოლემეს თეორემა","Неравенство Птолемея","Պտոլմեսի թեորեմ"
"706","convex function","dışbükey fonksiyon","qabarıq funksiya","ამოზნექილი ფუნქცია","выпуклая функция","ուռուցիկ ֆունկցիա"
"707","parabolic equation","parabolik denklem","parabolik tənlik","პარაბოლური განტოლება","параболическое уравнение","պարաբոլիկ հավասարում"
"708","Laplace's equation","Laplace denklemi","Laplas tənliyi","ლაპლასის განტოლება","Уравнение Лапласа","Լապլասի հավասարում"
"709","logarithmic function","logaritma fonksiyon","loqarifm funksiya","ლოგარითმული ფუნქცია","логарифмическая функция","լոգարիթմական ֆունկցիա"
"710","lemma","lemma","lemma","ლემა","лемма","լեմմա"
"711","further mathematics","daha ileri matematik","ali riyaziyyat","უმაღლესი მათემატიკა","высшая математика","բարձրագույն մաթեմատիկա"
"712","octahedron","sekiz yüzlü","oktaedr","ოქტაედრი","октаэдр","ութանիստ"
"713","decimal fraction","onluk kesr","onluq kəsr","ათობითი წილადი","десятичная дробь","տասնորդական կոտորակ"
"714","decimal system","ondalık sistem","onluq say sistemi","ათობითი სისტემა","десятичная система","տասնորդական համակարգ"
"715","mathematical model","matematiksel model","riyazi modelləşdirmə","მათემატიკური მოდელირება","математическая модель","մաթեմատիկական մոդել"
"716","De Moivre's formula","De Moivre formülü","Muavr düsturu","მუავრის ფორმულა","Формула де Муавра","De Moivre-ի բանաձեւը"
"717","comparison","mukayese","müqayisə","შედარება","сравнение","համեմատություն"
"718","Markov chain","Markov zinciri","Markov zənciri","მარკოვის ჯაჭვი","Цепь Маркова","Մարկովի շղթա"
"719","Markov processes","Markov prosesi","Markov prosesi","მარკოვის პროცესი","Марковские процессы","Մարկովյան գործընթացներ"
"720","meter","metre","metr","მეტრი","метр","մետր"
"721","kilometer","kilometre","kilometr","კილომეტრი","километр","կիլոմետր"
"722","approval","onay, tasvip","isbat","დამტკიცება","одобрение","հաստատում, ապացույց"
"723","binary system","ikili sayı sistemi","ikili say sistemi","ორობითი სისტემა","бинарная система","երկուական համակարգ"
"724","harmonic analysis","harmonik analiz","harmonik analiz","ჰარმონიული ანალიზი","гармонический анализ","հարմոնիկ վերլուծություն"
"725","degree","	derece","dərəcə","გრადუსი","степень","աստիճան"
"726","differential equations","türevsel denklemler","diferensial tənliklər","დიფერენციალური განტოლება","дифференциальные уравнения","դիֆերենցիալ հավասարումներ"
"727","Euler angles","Euler açıları","Eyler bucaqları","ეილერის კუთხები","Углы Эйлера","դիֆերենցիալ հավասարումներ"
"728","periodic function","	periyodik fonksiyon","periyodik funksiya","პერიოდული ფუნქცია","периодическая функция","պարբերական ֆունկցիա"
"729","periodic fraction","periyodik kesir","dövri kəsr","პერიოდული წილადი","периодическая дробь","պարբերական կոտորակ"
"730","algebraic geometry","cebirsel geometri","cəbri həndəsə","ალგებრული გეომეტრია","algebraic geometry","հանրահաշվական երկրաչափություն"
"731","algebraic expression","cebirsel ifade","cəbri ifadə","ალგებრული გამოსახულება","алгебраическое выражение","հանրահաշվական արտահայտություն"
"732","timetable","çizelge","cədvəl","ცხრილი","расписание","Աղյուսակ"
"733","multiple","çok yönlü","çoxüzlü","მრავლობითი","множественный","բազմակի, բազմապատիկ"
"734","binomial distribution","binom dağılımı","binomial paylanma","ბინომიალური განაწილება","биномиальный коэффициент","երկանդամ բաշխում"
"736","analytical geometry","analitik həndəsə","analitik həndəsə","ანალიზური გეომეტრია","аналитическая геометрия","վերլուծական երկրաչափություն"
"737","bessel function","bessel fonksiyonu","bessel funksiyaları","ბესელის ფუნქცია","функция Бесселя","բեսելի ֆունկցիա"
"738","center of mass","kütle merkezi","kütlə mərkəzi","მასის ცენტრი","центр массы","զանգվածի կենտրոն"
"739","analytic function","analitik fonksiyon","analitik funksiya","ანალიზიური ფუნქცია","аналитическая функция","վերլուծական ֆունկցիա"
"740","line segment","doğru parçası","düz xətt parçası","მონაკვეთი","отрезок","Բաժին"
"741","	non-abelian group","	abelyen olmayan grup","abeli olmayan qrupu","არააბელურიჯგუფი","неабелева группа","ոչ աբելյան խումբ"
"742","infimum metric","ebas metriği","infimum, sonsuz metrik","ინფიმუმალური მეტრიკა","минимальная метрика","Ինֆիմմատիկ չափումներ"
"743","hausdorff space","hausdorff uzayı","hausdorff fəzası","ჰაუსდორფის სივრცე","Хаусдорфовое пространство","հաուսդորֆյան տարածություն"
"744","differential topology","diferensiyel topoloji","diferensial topologiya","დიფერენციალური ტოპოლოგია","дифференциальная топология","դիֆերենցիալ տոպոլոգիա"
"745","low-dimensional topology","düşük boyutlu topoloji","aşağı ölçülü topologiya","დაბალგანზომილებიანი ტოპოლოგია","низкоразмерная топология","ցածրաչափ տոպոլոգիա"
"746","hyperbolic geometry","hiperbolik geometri","hiperbolik həndəsə","ჰიპერბოლური ტოპოლოგია","гиперболическая геометрия","հիպերբոլիկ երկրաչափություն"
"747","dynamic system","dinamik sistem","dinamik sistem","დინამიური სისტემა","динамическая система","դինամիկ համակարգ"
"748","uniform spaces","düzgün uzay","birşəkilli fəza","უნიფორმული სივრცე","равномерные пространства","միասնական տարածքներ"
"749","complex analysis","karmaşık analiz","kompleks analiz","კომპლექსური ანალიზი","комплексный анализ","կոմպլեքսային վերլուծություն"
"750","Jacobian matrix","Jacobi matrisi","Jacob matrisi","იაკობიანი","Матрица Якоби","Յակոբյան մատրիցա"
"751","square matrix","kare matris","kvadrat matris","კვადრატული მატრიცი","квадратная матрица","քառակուսի մատրիցա"
"752","loop (topology)","ilmik",,"მარყუჟი","петля (топология)","հանգույց"
"753","unit square","birim çember","vahid çevrə","ერთეულოვანი კვადრატი","единичный квадрат","միավոր քառակուսի"
"754","quotient space","bölüm uzayı","hissə fəzası","ფაქტორსივრცე","факторпространство","գործակից տարածություն"
"755","adjunction space  (attaching space)",,,"მიერთებული სივრცე","примыкающее пространство (присоединительное пространство)","հարակից տարածք"
"756","disjoint union",,,"არათანამკვეთი გაერთიანება","непересекающееся объединение","տարանջատված միություն"
"757","involution","içeri kıvrılma, üst alma",,"ინვოლუცია","инволюция","ինվոլյուցիա"
"758","fixed point","sabit nokta","sabit nöqtə","ფიქსირებული წერტილი","фиксированная точка","ֆիքսված կետ"
"759","parametrization","parametrik hale getirme","parametrləşdirmə","პარამეტრიზაცია","параметризация","պարամետրիզացիա"
"760","real line","reel doğru","həqiqi xətt","ნამდვილი წრფე","действительная линия","իրական գիծ"
"761","algebraic varieties","cebirsel değişimler","cəbri növlər","ალგებრული მრავალნაირობა","алгебраические многообразия","հանրահաշվական տարատեսակներ"
"762","homogeneous polynomial","türdeş çokterimli, homojen polinom","homojen polinom","ერთგვაროვანი პოლინომი","однородный многочлен","միատարր բազմանդամ"
